Run ID,Name,Source Type,Source Name,User,Status,consensus_treshold,quality_ratio,quality_treshold,window,global_Accuracy,global_ROC_AUC_score,global_Recall,global_f1-score,global_fn,global_fn_rate,global_fp,global_fp_rate,global_precision,global_tp,global_tp_rate,test_Accuracy,test_ROC_AUC_score,test_Recall,test_f1-score,test_fn,test_fn_rate,test_fp,test_fp_rate,test_precision,test_tp,test_tp_rate,train_Accuracy,train_ROC_AUC_score,train_Recall,train_f1-score,train_fn,train_fn_rate,train_fp,train_fp_rate,train_precision,train_tp,train_tp_rate
6e6afe1340e24e859bcec6001cb54e03,,LOCAL,/home/aura-alexis/github/ecg_qc_training/env/bin/airflow,aura-alexis,FINISHED,0.7,0.2861,0.5,4,0.3396978574810606,0.6131130698740592,0.28044895274138926,0.4362419278347989,2214976,0.6554734848484849,16317,0.004828657670454545,0.9814498599388825,863299,0.2554743726325758,0.8045454545454546,0.7395106662622587,0.5873015873015873,0.6324786324786325,78,0.11818181818181818,51,0.07727272727272727,0.6851851851851852,111,0.16818181818181818,0.8037878787878788,0.7482635656191262,0.6185430463576159,0.6432506887052343,288,0.10909090909090909,230,0.08712121212121213,0.6700143472022956,467,0.17689393939393938
e3089adc6ffa43728f2478cfca4c76f0,,LOCAL,/home/aura-alexis/github/ecg_qc_training/env/bin/airflow,aura-alexis,FINISHED,0.5,0.3785,0.8,4,0.42084546638257575,0.5876431081589415,0.38470052220805484,0.5475492237094981,1894061,0.5605057410037879,63018,0.018648792613636365,0.9494737145935961,1184214,0.35044211647727275,0.8424242424242424,0.8286829268292684,0.772,0.7877551020408163,57,0.08636363636363636,47,0.07121212121212121,0.8041666666666667,193,0.2924242424242424,0.8746212121212121,0.8646846114853428,0.8238238238238238,0.8325746079919069,176,0.06666666666666667,155,0.058712121212121215,0.8415132924335378,823,0.31174242424242427
45de66a843cb44f3a647d217f9ade10a,,LOCAL,/home/aura-alexis/github/ecg_qc_training/env/bin/airflow,aura-alexis,FINISHED,0.7,0.2455,0.8,4,0.24286783854166666,0.5641566471289706,0.1732447555855146,0.2942243380924783,2544980,0.7531309185606061,13521,0.004001242897727273,0.9752732180477528,533295,0.15781693892045454,0.7772727272727272,0.6316748475383013,0.345679012345679,0.4324324324324324,106,0.1606060606060606,41,0.06212121212121212,0.5773195876288659,56,0.08484848484848485,0.8359848484848484,0.7236817640934107,0.5030864197530864,0.6009216589861751,322,0.12196969696969696,111,0.042045454545454546,0.7459954233409611,326,0.12348484848484849
4bb4bec3b8464210b2fedefd83008bfa,,LOCAL,/home/aura-alexis/github/ecg_qc_training/env/bin/airflow,aura-alexis,FINISHED,0.7,0.6796,0.3,9,0.657565400094697,0.5221760302706194,0.6869041914708724,0.7851596187604608,963795,0.2852139559659091,193360,0.05722064393939394,0.9162160288408209,2114480,0.6257339015151515,0.935374149659864,0.9186702127659574,0.965,0.9530864197530864,7,0.023809523809523808,12,0.04081632653061224,0.9414634146341463,193,0.6564625850340136,0.9420289855072463,0.9334572465896046,0.9573400250941029,0.9573400250941029,34,0.028985507246376812,34,0.028985507246376812,0.9573400250941029,763,0.6504688832054561
1e88b3ba0e3a42928d60edae810238a2,,LOCAL,/home/aura-alexis/github/ecg_qc_training/env/bin/airflow,aura-alexis,FINISHED,0.5,0.9332,0.5,9,0.9281785629734849,0.6480852255250824,0.9888746132168179,0.9616634982715332,34247,0.010134647253787878,208452,0.06168678977272727,0.9359098288075561,3044028,0.9008132102272727,0.9455782312925171,0.7158759124087591,0.9817518248175182,0.9711191335740073,5,0.017006802721088437,11,0.03741496598639456,0.9607142857142857,269,0.9149659863945578,0.9650468883205456,0.7490867579908675,0.9981735159817352,0.9815895823978447,2,0.0017050298380221654,39,0.03324808184143223,0.965547703180212,1093,0.9317988064791134
4da4c17e0bc74afbacaf614ee792335b,,LOCAL,/home/aura-alexis/github/ecg_qc_training/env/bin/airflow,aura-alexis,FINISHED,0.5,0.4148,0.5,4,0.6902536103219697,0.7279085646222216,0.5669991544319898,0.6931475147527065,902802,0.26716441761363635,143893,0.04258197206439394,0.8914899553571428,1182187,0.3498422703598485,0.8666666666666667,0.8563594417760297,0.7956204379562044,0.83206106870229,56,0.08484848484848485,32,0.048484848484848485,0.872,218,0.3303030303030303,0.9045454545454545,0.8983641441681074,0.8621004566210045,0.8822429906542055,151,0.0571969696969697,101,0.038257575757575754,0.9033492822966507,944,0.3575757575757576
279f33ceea794fd79762b969be1f4b4c,,LOCAL,/home/aura-alexis/github/ecg_qc_training/env/bin/airflow,aura-alexis,FINISHED,0.7,0.6435,0.5,9,0.6539136482007576,0.6214488681285805,0.6609487456448823,0.7767567997840669,1043693,0.3088580137310606,125802,0.03722833806818182,0.9417686855670103,2034582,0.60208984375,0.9421768707482994,0.9359788359788359,0.9576719576719577,0.9551451187335092,8,0.027210884353741496,9,0.030612244897959183,0.9526315789473684,181,0.6156462585034014,0.9497016197783461,0.9470452168953389,0.9562913907284768,0.9607451763140386,33,0.028132992327365727,26,0.02216538789428815,0.9652406417112299,722,0.6155157715260017
39b6fe17b622406cbf12c3c910ccabf4,,LOCAL,/home/aura-alexis/github/ecg_qc_training/env/bin/airflow,aura-alexis,FINISHED,0.7,0.2861,0.5,4,0.631773496685606,0.6982996520298758,0.41401609313046733,0.5811456976001675,1221770,0.36155598958333335,22541,0.0066705137310606065,0.9745517973265896,863219,0.2554506983901515,0.806060606060606,0.7500758265089476,0.6190476190476191,0.6464088397790054,72,0.10909090909090909,56,0.08484848484848485,0.6763005780346821,117,0.17727272727272728,0.8132575757575757,0.7588648620162666,0.6317880794701987,0.6592950932964754,278,0.1053030303030303,215,0.08143939393939394,0.6893063583815029,477,0.1806818181818182
61a66e03e0cb4121bad6c67186bdfdb8,,LOCAL,/home/aura-alexis/github/ecg_qc_training/env/bin/airflow,aura-alexis,FINISHED,0.5,0.3785,0.8,4,0.6815195904356061,0.7251954097930438,0.5385572777602184,0.6760339688878413,962103,0.2847132457386364,114106,0.033767163825757576,0.9077552643832781,1122886,0.33229344223484847,0.8348484848484848,0.8202439024390245,0.76,0.7770961145194273,60,0.09090909090909091,49,0.07424242424242425,0.7949790794979079,190,0.2878787878787879,0.8810606060606061,0.8706476128779601,0.8278278278278278,0.8404471544715447,172,0.06515151515151515,142,0.05378787878787879,0.8534571723426213,827,0.31325757575757573
f3ed57e6fcbd420abb33899c848f57b5,,LOCAL,/home/aura-alexis/github/ecg_qc_training/env/bin/airflow,aura-alexis,FINISHED,0.7,0.2455,0.8,4,0.528034150094697,0.6139824614059913,0.24670298020756945,0.39211042177333316,1570616,0.46478929924242424,24251,0.007176550662878788,0.9549760129515209,514373,0.1522173887310606,0.7772727272727272,0.6212628290941544,0.3148148148148148,0.4096385542168675,111,0.16818181818181818,36,0.05454545454545454,0.5862068965517241,51,0.07727272727272727,0.8337121212121212,0.7211345381526104,0.5,0.5961361545538179,324,0.12272727272727273,115,0.043560606060606064,0.7380410022779044,324,0.12272727272727273
f4e93d9d9aab47f1a812aeeccc51e815,,LOCAL,/home/aura-alexis/github/ecg_qc_training/env/bin/airflow,aura-alexis,FINISHED,0.5,0.6418,0.3,6,0.43623786695075756,0.3812291141543179,0.6162958173880054,0.574287626494272,800019,0.236748046875,1105046,0.32701408617424244,0.5376407521958012,1284970,0.38025864109848484,0.8772727272727273,0.8472035191668911,0.9539007092198581,0.9087837837837838,13,0.029545454545454545,41,0.09318181818181819,0.867741935483871,269,0.6113636363636363,0.9034090909090909,0.8745610338530693,0.9761061946902655,0.9284511784511784,27,0.01534090909090909,143,0.08125,0.8852327447833066,1103,0.6267045454545455
ad9a6a6c5ba44626936b2bd9d2e853a4,,LOCAL,/home/aura-alexis/github/ecg_qc_training/env/bin/airflow,aura-alexis,FINISHED,0.5,0.8297,0.5,8,0.5523576586174243,0.4497607358975987,0.8881840623619597,0.7100148551265714,233135,0.06899118134469696,1279538,0.3786511600378788,0.5913836402468934,1851854,0.5480155066287878,0.8515151515151516,0.6122262773722628,0.9744525547445255,0.9159519725557461,7,0.021212121212121213,42,0.12727272727272726,0.8640776699029126,267,0.8090909090909091,0.8765151515151515,0.6713242009132421,0.982648401826484,0.9295896328293737,19,0.014393939393939395,144,0.10909090909090909,0.8819672131147541,1076,0.8151515151515152
3ecf911df98e434696ad8adfab40a807,,LOCAL,/home/aura-alexis/github/ecg_qc_training/env/bin/airflow,aura-alexis,FINISHED,0.7,0.5721,0.5,8,0.7764367305871213,0.7501399460351623,0.8625129437133721,0.8264146824826952,286659,0.08483043323863636,468806,0.13873283617424242,0.7932166398486902,1798330,0.5321762547348485,0.7272727272727273,0.7051671732522796,0.8571428571428571,0.782608695652174,27,0.08181818181818182,63,0.19090909090909092,0.72,162,0.4909090909090909,0.7765151515151515,0.7576451972103382,0.8887417218543047,0.8197923029932804,84,0.06363636363636363,211,0.15984848484848485,0.7607709750566893,671,0.5083333333333333
99af5f32d2de4442b4e266b206ab0672,,LOCAL,/home/aura-alexis/github/ecg_qc_training/env/bin/airflow,aura-alexis,FINISHED,0.7,0.4532,0.3,6,0.3680181699810606,0.3676864103278134,0.36910410558520934,0.41884656611920984,1315411,0.3892669862689394,820182,0.24271484375,0.48408439009661836,769578,0.22773970170454547,0.740909090909091,0.7411539022915408,0.7437185929648241,0.7219512195121951,51,0.1159090909090909,63,0.1431818181818182,0.7014218009478673,148,0.33636363636363636,0.8204545454545454,0.8202705307968466,0.818295739348371,0.8051787916152897,145,0.08238636363636363,171,0.0971590909090909,0.7924757281553398,653,0.3710227272727273
4e3540e59e66462084df4e7708591adf,,LOCAL,/home/aura-alexis/github/ecg_qc_training/env/bin/airflow,aura-alexis,FINISHED,0.5,0.757,0.8,8,0.5391391453598485,0.4377269680656458,0.8710875692869363,0.6999202467475838,268781,0.07953983191287879,1288560,0.38132102272727275,0.5849738209102903,1816208,0.5374668560606061,0.7636363636363637,0.5549999999999999,0.96,0.8602150537634409,10,0.030303030303030304,68,0.20606060606060606,0.7792207792207793,240,0.7272727272727273,0.7901515151515152,0.6044783100857868,0.965965965965966,0.8744902582691436,34,0.025757575757575757,243,0.18409090909090908,0.7988410596026491,965,0.7310606060606061
71d2f4bfe7cb486ca65ed1ca062a4726,,LOCAL,/home/aura-alexis/github/ecg_qc_training/env/bin/airflow,aura-alexis,FINISHED,0.7,0.4909,0.8,8,0.7696363044507576,0.7756549077520339,0.7499358509805087,0.8006880269434546,521381,0.15429125236742425,257064,0.07607244318181818,0.8588081763217098,1563608,0.4627154356060606,0.6727272727272727,0.6735008818342152,0.7160493827160493,0.6823529411764707,46,0.1393939393939394,62,0.18787878787878787,0.651685393258427,116,0.3515151515151515,0.7537878787878788,0.7545745149911816,0.7978395061728395,0.7608535688005886,131,0.09924242424242424,194,0.14696969696969697,0.7271448663853727,517,0.39166666666666666
aaacfd52db1a41f692ccb5ccccaea4a4,,LOCAL,/home/aura-alexis/github/ecg_qc_training/env/bin/airflow,aura-alexis,FINISHED,0.5,0.8514,0.8,9,0.9131797466856061,0.7831950651285482,0.9413473455100665,0.9518162341400284,180549,0.05342950994318182,112834,0.033390743371212124,0.9625205941751701,2897726,0.8575183475378788,0.9013605442176871,0.764090909090909,0.96,0.9430255402750491,10,0.034013605442176874,19,0.06462585034013606,0.9266409266409267,240,0.8163265306122449,0.9394714407502132,0.8220807013910462,0.988988988988989,0.9653150952613581,11,0.00937766410912191,60,0.05115089514066496,0.9427480916030534,988,0.8422847399829497
530d419755c14714ab9e3552f24c7a4b,,LOCAL,/home/aura-alexis/github/ecg_qc_training/env/bin/airflow,aura-alexis,FINISHED,0.7,0.5521,0.8,9,0.6048333925189394,0.7188793282419178,0.5801197099024616,0.7278624739982593,1292507,0.3824890506628788,42840,0.012677556818181819,0.9765723435531289,1785768,0.5284588068181818,0.9319727891156463,0.9312570145903478,0.9382716049382716,0.9382716049382716,10,0.034013605442176874,10,0.034013605442176874,0.9382716049382716,152,0.5170068027210885,0.9471440750213129,0.9480026455026455,0.9398148148148148,0.9515625,39,0.03324808184143223,23,0.0196078431372549,0.9636075949367089,609,0.5191815856777494
dc6c9ed18486423b8951b49c9325d0a1,,LOCAL,/home/aura-alexis/github/ecg_qc_training/env/bin/airflow,aura-alexis,FINISHED,0.5,0.2139,0.3,2,0.5298511482007576,0.6155296196744685,0.24940323426166758,0.3956301381692245,1564986,0.4631232244318182,23741,0.0070256273674242425,0.9563379090160076,520003,0.15388346354166665,0.8651515151515151,0.7450908047390644,0.5354609929078015,0.6291666666666667,131,0.09924242424242424,47,0.035606060606060606,0.7626262626262627,151,0.1143939393939394,0.8928030303030303,0.7978569143831965,0.631858407079646,0.7161484453360081,416,0.07878787878787878,150,0.028409090909090908,0.8263888888888888,714,0.13522727272727272
69a7ed2459e044a4aadf3e9c4bca45ae,,LOCAL,/home/aura-alexis/github/ecg_qc_training/env/bin/airflow,aura-alexis,FINISHED,0.7,0.1841,0.8,3,0.4802820194128788,0.5785618904810628,0.15858644817790404,0.27354414603647603,1754338,0.5191577888257576,1893,0.0005601917613636363,0.9943075202078522,330651,0.09784889914772728,0.8227272727272728,0.6141201554386326,0.2839506172839506,0.3709677419354838,116,0.1318181818181818,40,0.045454545454545456,0.5348837209302325,46,0.05227272727272727,0.853125,0.6656113518346574,0.36882716049382713,0.4804020100502513,409,0.11619318181818182,108,0.03068181818181818,0.6887608069164265,239,0.06789772727272728
58bb49b44ebf4f67a8966346e47a9102,,LOCAL,/home/aura-alexis/github/ecg_qc_training/env/bin/airflow,aura-alexis,FINISHED,0.5,0.2839,0.8,3,0.6343480705492425,0.696484583407796,0.4309591081775491,0.5925707809638999,1186444,0.35110203598484846,49167,0.01454989346590909,0.9481203150324149,898545,0.2659046519886364,0.8340909090909091,0.7924444444444444,0.696,0.7044534412955465,76,0.08636363636363636,70,0.07954545454545454,0.7131147540983607,174,0.19772727272727272,0.8644886363636364,0.8319682236778627,0.7567567567567568,0.7601809954751132,243,0.0690340909090909,234,0.06647727272727273,0.7636363636363637,756,0.21477272727272728
49a9a4d0a9b74d3f92c86f213b686dab,,LOCAL,/home/aura-alexis/github/ecg_qc_training/env/bin/airflow,aura-alexis,FINISHED,0.7,0.1227,0.8,2,0.41532581676136365,0.5260283428985324,0.05296766553684456,0.10055244342974727,1974552,0.5843252840909091,1179,0.00034889914772727275,0.9894369982798165,110437,0.03268140388257576,0.878030303030303,0.5561792362310496,0.12962962962962962,0.20689655172413793,141,0.10681818181818181,20,0.015151515151515152,0.5121951219512195,21,0.015909090909090907,0.890719696969697,0.5899579415339345,0.19135802469135801,0.3006060606060606,524,0.09924242424242424,53,0.010037878787878788,0.7005649717514124,124,0.023484848484848483
04268b998c724c35bcafb8ee3b5ead9d,,LOCAL,/home/aura-alexis/github/ecg_qc_training/env/bin/airflow,aura-alexis,FINISHED,0.5,0.1892,0.8,2,0.5264243016098484,0.6128420076791965,0.24355668063476593,0.3882461821461024,1577176,0.4667305871212121,23131,0.006845111268939394,0.956434200216972,507813,0.15027610085227272,0.8696969696969697,0.7510280373831776,0.56,0.6194690265486725,110,0.08333333333333333,62,0.04696969696969697,0.693069306930693,140,0.10606060606060606,0.8920454545454546,0.7926069026279257,0.6326326326326326,0.6892039258451472,367,0.06950757575757575,203,0.038446969696969695,0.7568862275449102,632,0.11969696969696969
db238d8151d945cb839b13cd2588a263,,LOCAL,/home/aura-alexis/github/ecg_qc_training/env/bin/airflow,aura-alexis,FINISHED,0.5,0.3111,0.5,3,0.6996925307765152,0.7477221433210757,0.5424791209929645,0.6903197357278547,953926,0.2822934422348485,60873,0.018014026988636363,0.9489293049291238,1131063,0.33471324573863637,0.8443181818181819,0.8339777408397773,0.8065693430656934,0.7633851468048359,53,0.060227272727272727,84,0.09545454545454546,0.7245901639344262,221,0.25113636363636366,0.852840909090909,0.8473661912159302,0.8328767123287671,0.7788215200683177,183,0.05198863636363636,335,0.09517045454545454,0.731355252606255,912,0.2590909090909091
f3181a6e1dca491f94a03dd5b67d6249,,LOCAL,/home/aura-alexis/github/ecg_qc_training/env/bin/airflow,aura-alexis,FINISHED,0.5,0.3209,0.3,3,0.703151337594697,0.7501434811939611,0.5493338334159077,0.6954567355056633,939634,0.2780640388257576,63477,0.018784623579545454,0.9474889810991105,1145355,0.33894264914772726,0.8511363636363637,0.838937119001874,0.8049645390070922,0.7760683760683761,55,0.0625,76,0.08636363636363636,0.7491749174917491,227,0.25795454545454544,0.8599431818181819,0.8558059021735106,0.8442477876106195,0.7946688879633487,176,0.05,317,0.09005681818181818,0.7505900865460268,954,0.27102272727272725
add59f5aa2cb4b55bb1d98cb3cad8335,,LOCAL,/home/aura-alexis/github/ecg_qc_training/env/bin/airflow,aura-alexis,FINISHED,0.5,0.2074,0.5,2,0.5323706794507576,0.6174073940805693,0.2540234025215481,0.40131768129010015,1555353,0.4602725497159091,24860,0.007356770833333333,0.9551664935364728,529636,0.15673413825757576,0.865909090909091,0.7497348257526064,0.551094890510949,0.6304801670146138,123,0.09318181818181819,54,0.04090909090909091,0.7365853658536585,151,0.1143939393939394,0.8926136363636363,0.800096561431073,0.6420091324200913,0.7126203750633552,392,0.07424242424242425,175,0.03314393939393939,0.8006833712984055,703,0.1331439393939394
a37ed1f6c1aa4fd5baaa358f57df11e1,,LOCAL,/home/aura-alexis/github/ecg_qc_training/env/bin/airflow,aura-alexis,FINISHED,0.7,0.2266,0.3,3,0.5807081557765151,0.6567856789267547,0.3316866419918762,0.49397410068653647,1393426,0.4123538115530303,23445,0.006938032670454545,0.9672101570891515,691563,0.20465287642045454,0.821590909090909,0.7282336794102671,0.5577889447236181,0.5857519788918206,88,0.1,69,0.07840909090909091,0.6166666666666667,111,0.12613636363636363,0.8644886363636364,0.7963465791591395,0.6716791979949874,0.6920593931568755,262,0.07443181818181818,215,0.061079545454545456,0.7137150466045273,536,0.15227272727272728
e325a212c47942f4b93a570ce894137a,,LOCAL,/home/aura-alexis/github/ecg_qc_training/env/bin/airflow,aura-alexis,FINISHED,0.7,0.143,0.5,2,0.45585197679924244,0.5587744809984767,0.11895986021988605,0.21245949945285447,1836959,0.5436076586174242,1826,0.0005403645833333333,0.9926917904713115,248030,0.0733990293560606,0.8734848484848485,0.6243035380966414,0.2751322751322751,0.38376383763837635,137,0.10378787878787879,30,0.022727272727272728,0.6341463414634146,52,0.03939393939393939,0.8854166666666666,0.6699623138560609,0.36821192052980134,0.4788975021533161,477,0.0903409090909091,128,0.024242424242424242,0.6847290640394089,278,0.05265151515151515
2c2c5498ff8a44fc8d137694bdbaa24c,,LOCAL,/home/aura-alexis/github/ecg_qc_training/env/bin/airflow,aura-alexis,FINISHED,0.7,0.2145,0.5,3,0.5667267400568182,0.646495540630571,0.3056227155155255,0.46536917069829115,1447769,0.42843542850378785,16348,0.0048378314393939395,0.974986535448492,637220,0.18857125946969697,0.8136363636363636,0.7102810894417262,0.5291005291005291,0.5494505494505494,89,0.10113636363636364,75,0.08522727272727272,0.5714285714285714,100,0.11363636363636363,0.8605113636363636,0.7740069219069974,0.6225165562913907,0.6568832983927324,285,0.08096590909090909,206,0.058522727272727275,0.6952662721893491,470,0.13352272727272727
8b99d31c15ba424389556c9bd5844a8f,,LOCAL,/home/aura-alexis/github/ecg_qc_training/env/bin/airflow,aura-alexis,FINISHED,0.7,0.1511,0.3,2,0.46040749289772726,0.5624310873919357,0.1264577415036722,0.22432559938095484,1821326,0.5389814157196969,2065,0.0006110913825757576,0.9922288957129094,263663,0.07802527225378787,0.8712121212121212,0.6348602961282773,0.2964824120603015,0.40972222222222227,140,0.10606060606060606,30,0.022727272727272728,0.6629213483146067,59,0.0446969696969697,0.884090909090909,0.6793724606026444,0.38596491228070173,0.501628664495114,490,0.0928030303030303,122,0.023106060606060606,0.7162790697674418,308,0.058333333333333334
9ef58616fa3b4262a0fb2796ea196bdc,,LOCAL,/home/aura-alexis/github/ecg_qc_training/env/bin/airflow,aura-alexis,FINISHED,0.7,0.6042,0.3,8,0.8018374171401516,0.7746115312902908,0.8909548203851435,0.8472868095070963,227358,0.06728160511363636,442273,0.13088097774621213,0.8076993648430543,1857631,0.5497250828598484,0.7545454545454545,0.7299666270282712,0.8492462311557789,0.8066825775656324,30,0.09090909090909091,51,0.15454545454545454,0.7681818181818182,169,0.5121212121212121,0.7962121212121213,0.7695027799383516,0.8972431077694235,0.8418577307466195,82,0.06212121212121212,187,0.14166666666666666,0.7929125138427464,716,0.5424242424242425
5fc0f0dc8f8d41c7aa110d4e059f13e7,,LOCAL,/home/aura-alexis/github/ecg_qc_training/env/bin/airflow,aura-alexis,FINISHED,0.5,0.4148,0.5,4,0.43254290956439395,0.573801549617602,0.4019322510172093,0.5634057950391012,1841017,0.5448085345643939,76534,0.02264855587121212,0.9417457253507404,1237258,0.3661393229166667,0.8727272727272727,0.8615407889262886,0.7956204379562044,0.8384615384615385,56,0.08484848484848485,28,0.04242424242424243,0.8861788617886179,218,0.3303030303030303,0.8893939393939394,0.8822272465310104,0.8401826484018264,0.8630393996247654,175,0.06628787878787878,117,0.04431818181818182,0.8871745419479267,920,0.3484848484848485
4e2546d2e1274bbe9651d0dd496d8b40,,LOCAL,/home/aura-alexis/github/ecg_qc_training/env/bin/airflow,aura-alexis,FINISHED,0.7,0.3021,0.3,4,0.658073212594697,0.7195961698392456,0.456692577274988,0.622385440793088,1132790,0.3352243134469697,22649,0.006702473958333333,0.9767666343881303,952199,0.28178237452651517,0.803030303030303,0.7419091117191162,0.5879396984924623,0.6428571428571428,82,0.12424242424242424,48,0.07272727272727272,0.7090909090909091,117,0.17727272727272728,0.8056818181818182,0.7677071342852244,0.6716791979949874,0.676340694006309,262,0.09924242424242424,251,0.09507575757575758,0.6810673443456162,536,0.20303030303030303
660b70fde44b4652a350ebf620965bce,,LOCAL,/home/aura-alexis/github/ecg_qc_training/env/bin/airflow,aura-alexis,FINISHED,0.5,0.4279,0.3,4,0.7034188565340909,0.7401860653498591,0.5830702224328281,0.7081174639889306,869294,0.25724846117424244,132913,0.039332682291666664,0.9014443040527714,1215695,0.3597582267992424,0.8621212121212121,0.8526117302713047,0.7872340425531915,0.8299065420560748,60,0.09090909090909091,31,0.04696969696969697,0.8774703557312253,222,0.33636363636363636,0.9083333333333333,0.9027193342319639,0.863716814159292,0.8896991795806746,154,0.058333333333333334,88,0.03333333333333333,0.9172932330827067,976,0.3696969696969697
6d3fe7250a8346af9f75825baf45602e,,LOCAL,/home/aura-alexis/github/ecg_qc_training/env/bin/airflow,aura-alexis,FINISHED,0.5,0.5677,0.8,6,0.44591352982954546,0.39934259217178125,0.5983523174462791,0.5712935476595798,837431,0.24781930634469698,1034938,0.3062671638257576,0.5465762042956482,1247558,0.3691873816287879,0.8159090909090909,0.7975789473684212,0.932,0.8519195612431445,17,0.038636363636363635,64,0.14545454545454545,0.7845117845117845,233,0.5295454545454545,0.8556818181818182,0.8381232743913426,0.9679679679679679,0.8839122486288847,32,0.01818181818181818,222,0.12613636363636363,0.8132884777123633,967,0.5494318181818182
3365bdb968e240058a83f6f3b92e4305,,LOCAL,/home/aura-alexis/github/ecg_qc_training/env/bin/airflow,aura-alexis,FINISHED,0.7,0.4291,0.5,6,0.3424127012310606,0.35038779566334505,0.31630814359212445,0.372480773721964,1425490,0.42184244791666664,796629,0.23574485085227273,0.4529127933808017,659499,0.19516424005681818,0.75,0.7455890722822994,0.7142857142857143,0.7105263157894737,54,0.12272727272727273,56,0.12727272727272726,0.7068062827225131,135,0.3068181818181818,0.8295454545454546,0.8262001252018056,0.8026490066225166,0.8015873015873015,149,0.0846590909090909,151,0.08579545454545455,0.8005284015852048,606,0.3443181818181818
58ad6fa11ca74d59bd8cf6acd8ee5bd9,,LOCAL,/home/aura-alexis/github/ecg_qc_training/env/bin/airflow,aura-alexis,FINISHED,0.5,0.6223,0.5,6,0.43257427793560604,0.3797164524061676,0.605591684176751,0.5684102342941273,822337,0.24335256865530303,1095108,0.32407315340909093,0.5355303338762215,1262652,0.3736541193181818,0.8454545454545455,0.8201125670565474,0.9233576642335767,0.8815331010452961,21,0.04772727272727273,47,0.10681818181818181,0.8433333333333334,253,0.575,0.8784090909090909,0.8500223160641329,0.9662100456621004,0.9081545064377682,37,0.021022727272727273,177,0.10056818181818182,0.8566801619433199,1058,0.6011363636363637
fe6c6818c8da491c894cb61b0b21dc9b,,LOCAL,/home/aura-alexis/github/ecg_qc_training/env/bin/airflow,aura-alexis,FINISHED,0.5,0.8558,0.3,8,0.5851618726325758,0.47531283713157624,0.9447263270933324,0.7375510385188349,115245,0.034104225852272727,1286576,0.3807339015151515,0.6048987814465409,1969744,0.5829024621212121,0.8484848484848485,0.5223847517730497,0.9822695035460993,0.9172185430463576,5,0.015151515151515152,45,0.13636363636363635,0.860248447204969,277,0.8393939393939394,0.8803030303030303,0.6061015370284117,0.9911504424778761,0.9341117597998331,10,0.007575757575757576,148,0.11212121212121212,0.8832807570977917,1120,0.8484848484848485
856e2a48cb3a4e4da922aa3c68f3096f,,LOCAL,/home/aura-alexis/github/ecg_qc_training/env/bin/airflow,aura-alexis,FINISHED,0.7,0.3682,0.8,6,0.3856631747159091,0.42799060405143496,0.24711449316998796,0.331719154051163,1569758,0.46453539299242425,506209,0.14980143229166668,0.5044163142230577,515231,0.1524712949810606,0.7363636363636363,0.6973532285282885,0.5493827160493827,0.6054421768707484,73,0.16590909090909092,43,0.09772727272727273,0.6742424242424242,89,0.20227272727272727,0.8130681818181819,0.780592192912337,0.6574074074074074,0.7214225232853514,222,0.12613636363636363,107,0.06079545454545455,0.799249530956848,426,0.24204545454545454
522a7f42e0b246f7bdc729730c8fb6bc,,LOCAL,/home/aura-alexis/github/ecg_qc_training/env/bin/airflow,aura-alexis,FINISHED,0.5,0.3209,0.3,3,0.7033448745265152,0.7493917066645612,0.55262162054572,0.6968568833978404,932779,0.2760354521780303,69678,0.020619673295454544,0.9429751335637964,1152210,0.3409712357954545,0.8477272727272728,0.8401764747740695,0.8191489361702128,0.7751677852348993,51,0.05795454545454545,83,0.09431818181818181,0.7356687898089171,231,0.2625,0.8627840909090909,0.8597641352242011,0.8513274336283185,0.7993352721229745,168,0.04772727272727273,315,0.08948863636363637,0.7533281127642913,962,0.27329545454545456
afe7131483b6426eb3e0e3113756dca9,,LOCAL,/home/aura-alexis/github/ecg_qc_training/env/bin/airflow,aura-alexis,FINISHED,0.5,0.3785,0.8,4,0.6890515506628788,0.7317383251105922,0.5493266391333479,0.6855373900510469,939649,0.27806847774621213,111108,0.03287997159090909,0.9115697585574573,1145340,0.3389382102272727,0.8454545454545455,0.8334634146341463,0.784,0.7935222672064778,54,0.08181818181818182,48,0.07272727272727272,0.8032786885245902,196,0.296969696969697,0.8689393939393939,0.8591351863746745,0.8188188188188188,0.8254288597376387,181,0.06856060606060606,165,0.0625,0.832146490335707,818,0.3098484848484849
84dd20ab65474108a3dd916f0eecfcb5,,LOCAL,/home/aura-alexis/github/ecg_qc_training/env/bin/airflow,aura-alexis,FINISHED,0.7,0.2455,0.8,4,0.5349860913825758,0.61863638910073,0.26117691748014016,0.40936343370004696,1540438,0.4558587831439394,30937,0.009155125473484849,0.9462421457962633,544551,0.16114790482954544,0.7772727272727272,0.6337572512271308,0.35185185185185186,0.4367816091954023,105,0.1590909090909091,42,0.06363636363636363,0.5757575757575758,57,0.08636363636363636,0.8443181818181819,0.7416982745798006,0.5401234567901234,0.6300630063006301,298,0.11287878787878788,113,0.0428030303030303,0.755939524838013,350,0.13257575757575757
5040f3d6263e46d8bbf5fce6e0b9707a,,LOCAL,/home/aura-alexis/github/ecg_qc_training/env/bin/airflow,aura-alexis,FINISHED,0.7,0.3682,0.8,6,0.391588837594697,0.4291956190391523,0.26849206398690834,0.35257084680475725,1525186,0.4513452888257576,530757,0.15706587357954546,0.5133170114436619,559803,0.16566139914772726,0.725,0.6922239985789146,0.5679012345679012,0.6032786885245902,70,0.1590909090909091,51,0.1159090909090909,0.6433566433566433,92,0.20909090909090908,0.8017045454545455,0.7738531397104538,0.6682098765432098,0.7127572016460905,215,0.12215909090909091,134,0.07613636363636364,0.763668430335097,433,0.24602272727272728
a12adc0632564cbb9a58996beed76352,,LOCAL,/home/aura-alexis/github/ecg_qc_training/env/bin/airflow,aura-alexis,FINISHED,0.5,0.6223,0.5,6,0.43341471354166666,0.38026798186277744,0.6073777847269218,0.5694959950370523,818613,0.24225053267045454,1095992,0.3243347537878788,0.5360621207195492,1266376,0.3747561553030303,0.8454545454545455,0.8165508750329786,0.9343065693430657,0.8827586206896553,18,0.04090909090909091,50,0.11363636363636363,0.8366013071895425,256,0.5818181818181818,0.8914772727272727,0.8643629622000206,0.9753424657534246,0.9179200687580575,27,0.01534090909090909,164,0.09318181818181819,0.8668831168831169,1068,0.6068181818181818
0e19fdc1bb30487f8cbef5eaf48a2413,,LOCAL,/home/aura-alexis/github/ecg_qc_training/env/bin/airflow,aura-alexis,FINISHED,0.5,0.9625,0.3,9,0.925442412405303,0.5878435896495238,0.9985998651842347,0.9606328248598605,4310,0.0012754498106060607,247635,0.07328213778409091,0.9254470736994219,3073965,0.9096724076704545,0.9693877551020408,0.6345968519113395,0.9964664310954063,0.9842931937172775,1,0.003401360544217687,8,0.027210884353741496,0.9724137931034482,282,0.9591836734693877,0.9803921568627451,0.7386363636363636,1,0.9899167032003506,0,0,23,0.0196078431372549,0.9800347222222222,1129,0.9624893435635123
4c7581fcd3b243f1b87866453a10131c,,LOCAL,/home/aura-alexis/github/ecg_qc_training/env/bin/airflow,aura-alexis,FINISHED,0.7,0.4909,0.8,8,0.5574641927083334,0.5512145141552016,0.5588184941241442,0.6970270944329108,1358078,0.4018933475378788,137339,0.04064245975378788,0.9260638824765711,1720197,0.5090545099431818,0.6454545454545455,0.6463844797178131,0.6975308641975309,0.6588921282798833,49,0.1484848484848485,68,0.20606060606060606,0.6243093922651933,113,0.3424242424242424,0.75,0.7509920634920634,0.8055555555555556,0.759825327510917,126,0.09545454545454546,204,0.15454545454545454,0.71900826446281,522,0.39545454545454545
8db329f264e344c1b8e16cf3f0c10ecc,,LOCAL,/home/aura-alexis/github/ecg_qc_training/env/bin/airflow,aura-alexis,FINISHED,0.5,0.757,0.8,8,0.825296815814394,0.464770999353607,0.9034225337242449,0.9040432370016983,297292,0.08797703598484849,293065,0.08672614820075758,0.9046647937833111,2780983,0.8229708214962121,0.7848484848484848,0.5945,0.964,0.8716094032549728,9,0.02727272727272727,62,0.18787878787878787,0.7953795379537953,241,0.7303030303030303,0.7931818181818182,0.6138802353755625,0.9629629629629629,0.8757396449704142,37,0.02803030303030303,236,0.1787878787878788,0.8030050083472454,962,0.7287878787878788
25e5cfe64e9c4bd788c3fa60759cc4bd,,LOCAL,/home/aura-alexis/github/ecg_qc_training/env/bin/airflow,aura-alexis,FINISHED,0.7,0.3682,0.8,6,0.39037612452651516,0.6042699413500731,0.34402546880964174,0.5069373255616075,2019270,0.59755859375,40771,0.012065281723484849,0.9629279053189013,1059005,0.31338926373106063,0.7295454545454545,0.6919575450750511,0.5493827160493827,0.5993265993265993,73,0.16590909090909092,46,0.10454545454545454,0.6592592592592592,89,0.20227272727272727,0.7994318181818182,0.7736644018118839,0.6759259259259259,0.7127746135069161,210,0.11931818181818182,143,0.08125,0.7538726333907056,438,0.24886363636363637
44c8a63665c24162817e2c0d0edaf3df,,LOCAL,/home/aura-alexis/github/ecg_qc_training/env/bin/airflow,aura-alexis,FINISHED,0.5,0.5677,0.8,6,0.4472280421401515,0.3961194389577461,0.6145197888334183,0.5783899237573698,803722,0.23784386837121213,1064205,0.3149280894886364,0.5462725626227898,1281267,0.3791628196022727,0.8227272727272728,0.8010526315789473,0.96,0.8602150537634409,10,0.022727272727272728,68,0.15454545454545454,0.7792207792207793,240,0.5454545454545454,0.8306818181818182,0.810309652622399,0.960960960960961,0.8656447249774571,39,0.02215909090909091,259,0.1471590909090909,0.7875307629204266,960,0.5454545454545454
478b97ecb95a4b0da021401e3dc550b0,,LOCAL,/home/aura-alexis/github/ecg_qc_training/env/bin/airflow,aura-alexis,FINISHED,0.5,0.9625,0.3,9,0.6329690459280303,0.521444691225421,0.998017255726529,0.7704044127515444,4134,0.0012233664772727272,1236137,0.36580758759469695,0.6273319320637494,2080855,0.6157833214962121,0.9693877551020408,0.6345968519113395,0.9964664310954063,0.9842931937172775,1,0.003401360544217687,8,0.027210884353741496,0.9724137931034482,282,0.9591836734693877,0.9803921568627451,0.7495571302037201,0.9991142604074402,0.9899078543220712,1,0.0008525149190110827,22,0.01875532821824382,0.9808695652173913,1128,0.9616368286445013
fc3224526da740c3a675f6b6935fa93c,,LOCAL,/home/aura-alexis/github/ecg_qc_training/env/bin/airflow,aura-alexis,FINISHED,0.7,0.4909,0.8,8,0.7605442116477272,0.7691869680077817,0.7322542229239579,0.790514705825245,558247,0.16520093513257575,250922,0.07425485321969696,0.8588473412298387,1526742,0.45180575284090907,0.6454545454545455,0.6459435626102292,0.6728395061728395,0.6507462686567164,53,0.1606060606060606,64,0.19393939393939394,0.630057803468208,109,0.3303030303030303,0.7901515151515152,0.7907297178130511,0.8225308641975309,0.7937453462397617,115,0.08712121212121213,162,0.12272727272727273,0.7669064748201438,533,0.4037878787878788
c412093dd44943b4b903e0b3349a00c8,,LOCAL,/home/aura-alexis/github/ecg_qc_training/env/bin/airflow,aura-alexis,FINISHED,0.7,0.5721,0.5,8,0.7905495383522727,0.7668708937739046,0.8680558986162517,0.8364489922586663,275102,0.08141039299242424,432673,0.12804006865530304,0.8070629102454338,1809887,0.5355962949810606,0.7,0.6768546662163683,0.8359788359788359,0.7614457831325302,31,0.09393939393939393,68,0.20606060606060606,0.6991150442477876,158,0.47878787878787876,0.8075757575757576,0.7908105256988807,0.9072847682119205,0.8435960591133005,70,0.05303030303030303,184,0.1393939393939394,0.7882623705408516,685,0.5189393939393939
e19bee35422449d89feb337d4b5d3f48,,LOCAL,/home/aura-alexis/github/ecg_qc_training/env/bin/airflow,aura-alexis,FINISHED,0.5,0.5677,0.8,6,0.676745087594697,0.6463332691299201,0.6833353095483672,0.7938715283117813,974781,0.28846502130681817,117562,0.03478989109848485,0.9470693219801752,2103494,0.6224828361742424,0.8318181818181818,0.816,0.932,0.8629629629629629,17,0.038636363636363635,57,0.12954545454545455,0.803448275862069,233,0.5295454545454545,0.8607954545454546,0.8459149030765325,0.955955955955956,0.8863109048723898,44,0.025,201,0.11420454545454546,0.8261245674740484,955,0.5426136363636364
e640b16884b344fca34978dbc9c34f12,,LOCAL,/home/aura-alexis/github/ecg_qc_training/env/bin/airflow,aura-alexis,FINISHED,0.7,0.3021,0.3,4,0.36425396543560606,0.6243157413531816,0.30789874199023803,0.468753114253122,2130478,0.6304681581439394,17835,0.005277876420454545,0.9815302309782609,947797,0.2804796993371212,0.8090909090909091,0.74910343474422,0.5979899497487438,0.6538461538461539,80,0.12121212121212122,46,0.0696969696969697,0.7212121212121212,119,0.1803030303030303,0.8106060606060606,0.7719461520250137,0.6741854636591479,0.682741116751269,260,0.09848484848484848,240,0.09090909090909091,0.6915167095115681,538,0.2037878787878788
2a79604cedf24299822631862a40ac46,,LOCAL,/home/aura-alexis/github/ecg_qc_training/env/bin/airflow,aura-alexis,FINISHED,0.5,0.4279,0.3,4,0.43850822679924245,0.5745317879450111,0.40903200656211675,0.5702996567412179,1819162,0.5383410274621212,78231,0.023150745738636364,0.9415027098487749,1259113,0.3726068300189394,0.8651515151515151,0.8543566362715299,0.7801418439716312,0.8317580340264651,62,0.09393939393939393,27,0.04090909090909091,0.8906882591093117,220,0.3333333333333333,0.9079545454545455,0.9020541522592745,0.8610619469026549,0.8889904065783464,157,0.05946969696969697,86,0.03257575757575758,0.9187913125590179,973,0.36856060606060603
b9f15529f0ce48b4aea0962ba5856d9b,,LOCAL,/home/aura-alexis/github/ecg_qc_training/env/bin/airflow,aura-alexis,FINISHED,0.5,0.2839,0.8,3,0.34233694365530304,0.5753852376676922,0.2918355247663058,0.44704316291684026,2179925,0.6451009114583334,42450,0.012562144886363636,0.9548788265306123,898350,0.2658469460227273,0.8477272727272728,0.808,0.716,0.7276422764227641,71,0.08068181818181819,63,0.0715909090909091,0.7396694214876033,179,0.2034090909090909,0.86875,0.8361518996187778,0.7607607607607607,0.7669021190716447,239,0.06789772727272728,223,0.06335227272727273,0.7731434384537131,760,0.2159090909090909
17d18465e2424b86b789945b0f15f6e1,,LOCAL,/home/aura-alexis/github/ecg_qc_training/env/bin/airflow,aura-alexis,FINISHED,0.7,0.1841,0.8,3,0.15760623816287878,0.5351168747185681,0.07579992040996987,0.14084700884289086,2844942,0.8418980823863637,1675,0.0004956794507575758,0.9928725830610022,233333,0.06904977509469697,0.8306818181818182,0.5974844389421918,0.22839506172839505,0.3318385650224215,125,0.14204545454545456,24,0.02727272727272727,0.6065573770491803,37,0.042045454545454546,0.8485795454545455,0.6275727329000309,0.2777777777777778,0.4031354983202688,468,0.13295454545454546,65,0.018465909090909092,0.7346938775510204,180,0.05113636363636364
98f6b5df6b7149d0b8c199426c8097a4,,LOCAL,/home/aura-alexis/github/ecg_qc_training/env/bin/airflow,aura-alexis,FINISHED,0.7,0.2145,0.5,3,0.2734579190340909,0.5905007544332307,0.20475493580008283,0.3392574511231351,2447983,0.7244267874053031,7148,0.0021152935606060606,0.9887863955823293,630292,0.18652107007575758,0.8159090909090909,0.7001967855802876,0.4973544973544973,0.5371428571428571,95,0.10795454545454546,67,0.07613636363636364,0.5838509316770186,94,0.10681818181818181,0.8653409090909091,0.7794881621019604,0.6291390728476821,0.6671348314606741,280,0.07954545454545454,194,0.055113636363636365,0.7100149476831091,475,0.13494318181818182
f46c4f69435f417b8af5ffd9048f15ab,,LOCAL,/home/aura-alexis/github/ecg_qc_training/env/bin/airflow,aura-alexis,FINISHED,0.5,0.3111,0.5,3,0.4205862334280303,0.6196568361622585,0.3774477588909373,0.5427188209628302,1916387,0.5671126302083334,41568,0.012301136363636363,0.9654594767070837,1161888,0.34383522727272725,0.8409090909090909,0.8245043482450435,0.781021897810219,0.7535211267605634,60,0.06818181818181818,80,0.09090909090909091,0.7278911564625851,214,0.2431818181818182,0.8505681818181818,0.8479706256178505,0.8410958904109589,0.7778716216216216,174,0.04943181818181818,352,0.1,0.7234878240377062,921,0.2616477272727273
e9727fb537e840ed8be80fda0799d0c6,,LOCAL,/home/aura-alexis/github/ecg_qc_training/env/bin/airflow,aura-alexis,FINISHED,0.7,0.2266,0.3,3,0.28370827414772726,0.6019420242766682,0.21474722044001918,0.3532581003287826,2417224,0.7153243371212121,3269,0.0009673887310606061,0.9950791787090558,661051,0.19562352035984848,0.821590909090909,0.7193419372929257,0.5326633165829145,0.5745257452574526,93,0.10568181818181818,64,0.07272727272727272,0.6235294117647059,106,0.12045454545454545,0.8360795454545454,0.7434332524919942,0.5739348370927319,0.6135298057602143,340,0.09659090909090909,237,0.06732954545454546,0.6589928057553956,458,0.13011363636363638
8caa61097b4945f9bce7f411d69768f6,,LOCAL,/home/aura-alexis/github/ecg_qc_training/env/bin/airflow,aura-alexis,FINISHED,0.5,0.3209,0.3,3,0.427392578125,0.6331489347558288,0.38280530491915116,0.5491417766557192,1899895,0.5622321851325758,35060,0.010375236742424243,0.9711069356540084,1178380,0.34871567234848483,0.8488636363636364,0.8353910197110936,0.7978723404255319,0.7718696397941681,57,0.06477272727272727,76,0.08636363636363636,0.7475083056478405,225,0.2556818181818182,0.8536931818181818,0.8495704817269597,0.8380530973451328,0.7862183478621835,183,0.05198863636363636,332,0.09431818181818181,0.7404222048475372,947,0.2690340909090909
175c04b79488460d9c531ace55b11cab,,LOCAL,/home/aura-alexis/github/ecg_qc_training/env/bin/airflow,aura-alexis,FINISHED,0.7,0.5721,0.5,8,0.6169480942234848,0.45974924460075944,0.6510129861692019,0.7558825687145998,1074278,0.3179089725378788,220131,0.06514293323863636,0.9010259301622928,2003997,0.5930388849431818,0.7181818181818181,0.6945288753799392,0.8571428571428571,0.776978417266187,27,0.08181818181818182,66,0.2,0.7105263157894737,162,0.4909090909090909,0.7901515151515152,0.7742425130399108,0.8847682119205298,0.828270303781773,87,0.0659090909090909,190,0.14393939393939395,0.7785547785547785,668,0.5060606060606061
e954c1a39f734029928ada2ddbe6561f,,LOCAL,/home/aura-alexis/github/ecg_qc_training/env/bin/airflow,aura-alexis,FINISHED,0.5,0.8558,0.3,8,0.8766604521780303,0.5063954821840684,0.9568966385394417,0.9339266144375109,132684,0.039264914772727276,284105,0.08407463304924243,0.9120335164671846,2945591,0.8716829427083334,0.8484848484848485,0.5310283687943262,0.9787234042553191,0.9169435215946844,6,0.01818181818181818,44,0.13333333333333333,0.8625,276,0.8363636363636363,0.8856060606060606,0.6289007918025151,0.9893805309734514,0.9367406786761625,12,0.00909090909090909,139,0.1053030303030303,0.8894192521877486,1118,0.8469696969696969
077bc05e8ee447ee8f248042c85f6b65,,LOCAL,/home/aura-alexis/github/ecg_qc_training/env/bin/airflow,aura-alexis,FINISHED,0.5,0.8297,0.5,8,0.8692847419507576,0.4913406090399164,0.9511849980914636,0.9298615644269341,150266,0.04446792140151515,291447,0.08624733664772727,0.9094732153506679,2928009,0.8664799360795454,0.8333333333333334,0.5657586027111574,0.9708029197080292,0.9063032367972743,8,0.024242424242424242,47,0.14242424242424243,0.8498402555910544,266,0.806060606060606,0.8545454545454545,0.5980517503805175,0.9872146118721461,0.9184367034834324,14,0.010606060606060607,178,0.13484848484848486,0.8586179507545671,1081,0.818939393939394
d8c75d411df8449e939d37be30062500,,LOCAL,/home/aura-alexis/github/ecg_qc_training/env/bin/airflow,aura-alexis,FINISHED,0.7,0.1841,0.8,3,0.5098109019886363,0.6020368018310858,0.20793155263648874,0.3435958624411882,1651454,0.4887115293560606,4993,0.0014775686553030302,0.9886141819906596,433535,0.12829515861742424,0.8284090909090909,0.6677929089721104,0.41358024691358025,0.4701754385964912,95,0.10795454545454546,56,0.06363636363636363,0.5447154471544715,67,0.07613636363636364,0.865909090909091,0.7170638605178996,0.48148148148148145,0.5693430656934306,336,0.09545454545454546,136,0.038636363636363635,0.6964285714285714,312,0.08863636363636364
f2205db1e47049e58f18eecee7e17c3a,,LOCAL,/home/aura-alexis/github/ecg_qc_training/env/bin/airflow,aura-alexis,FINISHED,0.7,0.4291,0.5,6,0.5115349786931818,0.6023248822609836,0.4918608636330412,0.6472117666395157,1564192,0.4628882575757576,86429,0.025576763731060607,0.9459991552703135,1514083,0.44805959990530303,0.7568181818181818,0.7548325217647927,0.7407407407407407,0.7235142118863049,49,0.11136363636363636,58,0.1318181818181818,0.7070707070707071,140,0.3181818181818182,0.7926136363636364,0.7956739481400943,0.8172185430463577,0.7717323327079425,138,0.07840909090909091,227,0.12897727272727272,0.731042654028436,617,0.35056818181818183
83801b7f7f42406197846cfb81ed58d6,,LOCAL,/home/aura-alexis/github/ecg_qc_training/env/bin/airflow,aura-alexis,FINISHED,0.5,0.6223,0.5,6,0.7043741122159091,0.6439795988125713,0.7174615653247355,0.815552687956039,869731,0.25737778172348486,129248,0.03824810606060606,0.944713644327639,2208544,0.6535700757575758,0.85,0.8237622020930438,0.9306569343065694,0.8854166666666666,19,0.04318181818181818,47,0.10681818181818181,0.8443708609271523,255,0.5795454545454546,0.8823863636363637,0.8564665087375974,0.9625570776255707,0.9105831533477323,41,0.023295454545454546,166,0.09431818181818181,0.8639344262295082,1054,0.5988636363636364
06b09438030b4c9eb58a65d1ee91328b,,LOCAL,/home/aura-alexis/github/ecg_qc_training/env/bin/airflow,aura-alexis,FINISHED,0.7,0.4532,0.3,6,0.5513597892992425,0.6133782574695799,0.5379204262127327,0.6859746479695943,1422408,0.42093039772727275,93637,0.02770981297348485,0.9464779731855428,1655867,0.49001745975378785,0.775,0.781469588606935,0.8492462311557789,0.7734553775743707,30,0.06818181818181818,69,0.15681818181818183,0.7100840336134454,169,0.3840909090909091,0.7982954545454546,0.8020297625560783,0.8421052631578947,0.7910535609181871,126,0.0715909090909091,229,0.13011363636363638,0.7458379578246392,672,0.38181818181818183
2a0e311733c64c31b37b3626c0bdd18e,,LOCAL,/home/aura-alexis/github/ecg_qc_training/env/bin/airflow,aura-alexis,FINISHED,0.5,0.6418,0.3,6,0.7121599786931818,0.6219211422049478,0.7317146778634137,0.8224248732133066,825856,0.24439393939393939,146813,0.04344608191287879,0.9388083353339736,2252419,0.6665539180871212,0.8477272727272728,0.8130218152437383,0.9361702127659575,0.8873949579831933,18,0.04090909090909091,49,0.11136363636363636,0.8434504792332268,264,0.6,0.89375,0.863527180783818,0.9699115044247788,0.9213955443463641,34,0.019318181818181818,153,0.08693181818181818,0.877502001601281,1096,0.6227272727272727
1e7b21ea38a746af9ab5ac40bedd2120,,LOCAL,/home/aura-alexis/github/ecg_qc_training/env/bin/airflow,aura-alexis,FINISHED,0.7,0.1227,0.8,2,0.11697709517045454,0.5146767996323869,0.030795819086988654,0.059743369086628764,2983477,0.882894472064394,434,0.00012843276515151514,0.9954427083333334,94798,0.028053385416666667,0.8863636363636364,0.5742020085716114,0.16049382716049382,0.25742574257425743,136,0.10303030303030303,14,0.010606060606060607,0.65,26,0.019696969696969695,0.8924242424242425,0.5836291818588881,0.1743827160493827,0.28463476070528965,535,0.10132575757575757,33,0.00625,0.773972602739726,113,0.02140151515151515
75026304f790497f97e1fa0034e739a3,,LOCAL,/home/aura-alexis/github/ecg_qc_training/env/bin/airflow,aura-alexis,FINISHED,0.7,0.143,0.5,2,0.16223159327651515,0.5344040539439375,0.08158205488463506,0.15068292186817014,2827143,0.836630859375,3844,0.0011375473484848484,0.9849240712851406,251132,0.0743169981060606,0.871969696969697,0.6190125328056363,0.26455026455026454,0.3717472118959108,139,0.1053030303030303,30,0.022727272727272728,0.625,50,0.03787878787878788,0.8865530303030303,0.675591087044016,0.3801324503311258,0.4893435635123614,468,0.08863636363636364,131,0.02481060606060606,0.6866028708133971,287,0.05435606060606061
b9d2ff3c6dee4eb6a5e88b2bcb3e4331,,LOCAL,/home/aura-alexis/github/ecg_qc_training/env/bin/airflow,aura-alexis,FINISHED,0.5,0.1892,0.8,2,0.22545661695075758,0.5615408982596358,0.15262736435178792,0.26417186417186417,2608446,0.7719122869318182,8891,0.0026310961174242425,0.9814275568181818,469829,0.13903557054924243,0.8742424242424243,0.7369719626168224,0.516,0.6084905660377359,121,0.09166666666666666,45,0.03409090909090909,0.7413793103448276,129,0.09772727272727273,0.8871212121212121,0.7703849609946316,0.5825825825825826,0.6613636363636364,417,0.07897727272727273,179,0.033901515151515155,0.7647831800262812,582,0.11022727272727273
abec1cfa3850416caac2331bc5c3700b,,LOCAL,/home/aura-alexis/github/ecg_qc_training/env/bin/airflow,aura-alexis,FINISHED,0.5,0.2074,0.5,2,0.23968483664772727,0.5589526056992032,0.17049971168917658,0.29005398531672333,2553430,0.7556315104166667,15827,0.0046836529356060605,0.9707271691524622,524845,0.15531634706439393,0.8643939393939394,0.7433915786241643,0.5364963503649635,0.6215644820295982,127,0.09621212121212121,52,0.03939393939393939,0.7386934673366834,147,0.11136363636363636,0.8890151515151515,0.7910836156527717,0.6237442922374429,0.6997950819672131,412,0.07803030303030303,174,0.03295454545454545,0.7969661610268378,683,0.1293560606060606
aeb68782c8d94fd8be2c54e4f5aff89b,,LOCAL,/home/aura-alexis/github/ecg_qc_training/env/bin/airflow,aura-alexis,FINISHED,0.7,0.6042,0.3,8,0.6557537286931818,0.49951493393673474,0.6896105773525757,0.7849327561856858,955464,0.28274857954545457,207813,0.06149769176136364,0.910833750961116,2122811,0.628199277935606,0.7575757575757576,0.7337834209214009,0.8492462311557789,0.8086124401913876,30,0.09090909090909091,50,0.15151515151515152,0.771689497716895,169,0.5121212121212121,0.7992424242424242,0.770021317661971,0.9097744360902256,0.8456610366919045,72,0.05454545454545454,193,0.1462121212121212,0.7899891186071817,726,0.55
853706c16e2648d88f6f2d5f77b9b554,,LOCAL,/home/aura-alexis/github/ecg_qc_training/env/bin/airflow,aura-alexis,FINISHED,0.7,0.1511,0.3,2,0.165146484375,0.5372467422643332,0.08451259227976708,0.1557129659252006,2818122,0.8339612926136364,3015,0.0008922230113636364,0.9885434399319066,260153,0.07698656486742424,0.8598484848484849,0.6137041137892855,0.2613065326633166,0.35986159169550175,147,0.11136363636363636,38,0.02878787878787879,0.5777777777777777,52,0.03939393939393939,0.884090909090909,0.6778274333759432,0.38220551378446116,0.4991816693944354,493,0.09337121212121212,119,0.022537878787878787,0.7193396226415094,305,0.05776515151515151
def9f0e279394a708226b8207bcd6cc3,,LOCAL,/home/aura-alexis/github/ecg_qc_training/env/bin/airflow,aura-alexis,FINISHED,0.5,0.2139,0.3,2,0.24418590198863635,0.5555541102116544,0.17671260689834403,0.2987215495277715,2534305,0.7499718868371212,19742,0.005842211174242424,0.9649785706176204,543970,0.1609759706439394,0.865909090909091,0.7507379166154224,0.549645390070922,0.6365503080082136,127,0.09621212121212121,50,0.03787878787878788,0.7560975609756098,155,0.11742424242424243,0.8943181818181818,0.8052606887727902,0.6495575221238938,0.7245804540967424,396,0.075,162,0.03068181818181818,0.8191964285714286,734,0.1390151515151515
df7f3ceb49614520ab37e124d31863c2,,LOCAL,/home/aura-alexis/github/ecg_qc_training/env/bin/airflow,aura-alexis,FINISHED,0.5,0.2839,0.8,3,0.6338881983901515,0.6952103429467419,0.43316487521037284,0.5934995546177319,1181845,0.34974106297348484,55320,0.016370738636363635,0.9422826522435898,903144,0.267265625,0.8397727272727272,0.8024444444444444,0.716,0.717434869739479,71,0.08068181818181819,70,0.07954545454545454,0.7188755020080321,179,0.2034090909090909,0.8426136363636364,0.8064228448996398,0.7227227227227228,0.7227227227227229,277,0.07869318181818181,277,0.07869318181818181,0.7227227227227228,722,0.20511363636363636
8bae5c5f74234929a384dcc93288edfb,,LOCAL,/home/aura-alexis/github/ecg_qc_training/env/bin/airflow,aura-alexis,FINISHED,0.7,0.2145,0.5,3,0.5606193773674243,0.6425100576446601,0.29256988885792684,0.45105951903400116,1474984,0.4364891098484848,9771,0.002891512784090909,0.9842346267038414,610005,0.180517578125,0.8125,0.6903383639997244,0.47619047619047616,0.5217391304347826,99,0.1125,66,0.075,0.5769230769230769,90,0.10227272727272728,0.8636363636363636,0.7726261331928195,0.6132450331125828,0.6586059743954481,292,0.08295454545454546,188,0.053409090909090906,0.7112135176651305,463,0.1315340909090909
e11cb867182c4aeeb2b8a666adcd2e3c,,LOCAL,/home/aura-alexis/github/ecg_qc_training/env/bin/airflow,aura-alexis,FINISHED,0.5,0.3111,0.5,3,0.707509765625,0.7543605515191786,0.5541549619686243,0.7004171014946972,929582,0.2750893702651515,58801,0.017400864109848486,0.9515725477018765,1155407,0.34191731770833333,0.8443181818181819,0.8329780058297801,0.8029197080291971,0.7625649913344887,54,0.06136363636363636,83,0.09431818181818181,0.7260726072607261,220,0.25,0.8497159090909091,0.8476025043543756,0.8420091324200913,0.7770754319426886,173,0.049147727272727273,356,0.10113636363636364,0.7214397496087637,922,0.26193181818181815
5f50a7d94e054ebca6fb3d1f7d27f1f2,,LOCAL,/home/aura-alexis/github/ecg_qc_training/env/bin/airflow,aura-alexis,FINISHED,0.7,0.2266,0.3,3,0.6074476207386363,0.680629268973869,0.3679050584919153,0.5362927343219366,1317911,0.390006806344697,8602,0.0025455729166666665,0.9889103754125412,767078,0.22699988162878787,0.8352272727272727,0.7637194784495162,0.6331658291457286,0.6347607052896725,73,0.08295454545454546,72,0.08181818181818182,0.6363636363636364,126,0.1431818181818182,0.8392045454545455,0.7737980145072453,0.6541353383458647,0.6484472049689441,276,0.07840909090909091,290,0.08238636363636363,0.6428571428571429,522,0.14829545454545454
6d5d29f9662a48d18f001ca666ece2f1,,LOCAL,/home/aura-alexis/github/ecg_qc_training/env/bin/airflow,aura-alexis,FINISHED,0.7,0.5521,0.8,9,0.6035597182765151,0.7115001792284656,0.5801690882068691,0.7272414832888832,1292355,0.38244406960227273,47296,0.013996212121212121,0.9742005306521435,1785920,0.5285037878787879,0.935374149659864,0.9357463524130193,0.9320987654320988,0.940809968847352,11,0.03741496598639456,8,0.027210884353741496,0.949685534591195,151,0.5136054421768708,0.947996589940324,0.9484126984126983,0.9444444444444444,0.9525291828793775,36,0.030690537084398978,25,0.021312872975277068,0.9607535321821036,612,0.5217391304347826
968105b0420c4f8eb4cacc27cbe442d3,,LOCAL,/home/aura-alexis/github/ecg_qc_training/env/bin/airflow,aura-alexis,FINISHED,0.7,0.6796,0.3,9,0.9022398792613636,0.8821061660116942,0.9681427575876899,0.9243612742802779,66422,0.01965613162878788,263929,0.07810398910984849,0.8843682530002244,2018567,0.5973505563446969,0.9455782312925171,0.9374468085106382,0.96,0.96,8,0.027210884353741496,8,0.027210884353741496,0.96,192,0.6530612244897959,0.9471440750213129,0.9414359699938598,0.9573400250941029,0.9609571788413098,34,0.028985507246376812,28,0.023870417732310314,0.9646017699115044,763,0.6504688832054561
aa3f3e0d6bb94af78e1b0b3c2780b7e6,,LOCAL,/home/aura-alexis/github/ecg_qc_training/env/bin/airflow,aura-alexis,FINISHED,0.5,0.8297,0.5,8,0.5902607125946969,0.4798068200230694,0.9518050215133029,0.7413718290711833,100486,0.029736624053030302,1284105,0.38000266335227273,0.6071401036771616,1984503,0.5872700639204546,0.8303030303030303,0.5355187695516163,0.9817518248175182,0.9057239057239057,5,0.015151515151515152,51,0.15454545454545454,0.840625,269,0.8151515151515152,0.8507575757575757,0.5763470319634703,0.9926940639269406,0.9169126950653733,8,0.006060606060606061,189,0.1431818181818182,0.8518808777429467,1087,0.8234848484848485
6fff069b5c974a8db9663e51c0d9bb71,,LOCAL,/home/aura-alexis/github/ecg_qc_training/env/bin/airflow,aura-alexis,FAILED,0.5,0.8514,0.8,6,,,,,,,,,,,,0.9115646258503401,0.7794545454545454,0.968,0.9490196078431372,8,0.027210884353741496,18,0.061224489795918366,0.9307692307692308,242,0.8231292517006803,0.927536231884058,0.8150736943840393,0.974974974974975,0.9581898671913428,25,0.021312872975277068,60,0.05115089514066496,0.941972920696325,974,0.8303495311167945
fc5e9c04cf294e4baf4fd0416f5f4884,,LOCAL,/home/aura-alexis/github/ecg_qc_training/env/bin/airflow,aura-alexis,FINISHED,0.7,0.6042,0.3,8,0.797699159564394,0.7681329224115483,0.894477141126404,0.8451104719200918,220014,0.06510830965909091,463601,0.13719253077651516,0.800907936867854,1864975,0.5518983783143939,0.7515151515151515,0.7248456020560818,0.8542713567839196,0.8056872037914693,29,0.08787878787878788,53,0.1606060606060606,0.7623318385650224,170,0.5151515151515151,0.8015151515151515,0.773226168870452,0.9085213032581454,0.84696261682243,73,0.055303030303030305,189,0.1431818181818182,0.7932166301969366,725,0.5492424242424242
7752368603b645afafbc207a63198067,,LOCAL,/home/aura-alexis/github/ecg_qc_training/env/bin/airflow,aura-alexis,FINISHED,0.5,0.8558,0.3,8,0.5748345762310606,0.4667879174776988,0.9284993829703658,0.7293570870037549,149078,0.04411635890151515,1287641,0.38104906486742424,0.6005521238683291,1935911,0.5728903290719697,0.8424242424242424,0.5188386524822695,0.975177304964539,0.9136212624584718,7,0.021212121212121213,45,0.13636363636363635,0.859375,275,0.8333333333333334,0.8818181818181818,0.624499301350722,0.9858407079646018,0.9345637583892618,16,0.012121212121212121,140,0.10606060606060606,0.8883572567783095,1114,0.843939393939394
cf505e2062f24d1293a65c3de70ee3fc,,LOCAL,/home/aura-alexis/github/ecg_qc_training/env/bin/airflow,aura-alexis,FINISHED,0.7,0.5521,0.8,9,0.8852027107007576,0.8961536379184715,0.8493574786245874,0.9012849499646922,314088,0.09294744318181818,73835,0.021849846117424243,0.9599753026991396,1770901,0.5240592447916667,0.9319727891156463,0.9312570145903478,0.9382716049382716,0.9382716049382716,10,0.034013605442176874,10,0.034013605442176874,0.9382716049382716,152,0.5170068027210885,0.9497016197783461,0.9499559082892416,0.9475308641975309,0.9541569541569541,34,0.028985507246376812,25,0.021312872975277068,0.9608763693270735,614,0.5234441602728048
b47898f66179427a8e530e2caeb2907a,,LOCAL,/home/aura-alexis/github/ecg_qc_training/env/bin/airflow,aura-alexis,FINISHED,0.5,0.8514,0.8,9,0.6395765269886363,0.5525731406874964,0.9243612316419895,0.7598933782079046,157706,0.046669625946969696,1060237,0.31375384706439396,0.645111329798629,1927283,0.5703370620265151,0.9115646258503401,0.7981818181818182,0.96,0.9486166007905138,10,0.034013605442176874,16,0.05442176870748299,0.9375,240,0.8163265306122449,0.9300937766410913,0.81182907044976,0.97997997997998,0.9598039215686275,20,0.017050298380221655,62,0.05285592497868713,0.9404418828049952,979,0.83461210571185
284bdcf108c74f96a3d5d2cc01eaa68e,,LOCAL,/home/aura-alexis/github/ecg_qc_training/env/bin/airflow,aura-alexis,FINISHED,0.7,0.6435,0.5,9,0.9128986150568181,0.9016535340090795,0.9497066891000384,0.9308198747282052,104861,0.031031309185606062,189472,0.056070075757575756,0.912669616519174,1980128,0.5859753787878788,0.9489795918367347,0.9433862433862434,0.9629629629629629,0.9604221635883904,7,0.023809523809523808,8,0.027210884353741496,0.9578947368421052,182,0.6190476190476191,0.9497016197783461,0.9459773757089895,0.9589403973509933,0.9608493696084937,31,0.026427962489343565,28,0.023870417732310314,0.9627659574468085,724,0.6172208013640239
ed48f11253af4698ba47d51e80a766e7,,LOCAL,/home/aura-alexis/github/ecg_qc_training/env/bin/airflow,aura-alexis,FINISHED,0.5,0.9332,0.5,9,0.6355477627840909,0.5265359827557533,0.9923716623924634,0.7706480313237644,15905,0.004706735321969697,1215652,0.3597455018939394,0.6299087658795106,2069084,0.6122999526515152,0.9523809523809523,0.65,1,0.9750889679715302,0,0,14,0.047619047619047616,0.9513888888888888,274,0.9319727891156463,0.9616368286445013,0.7174920969441517,0.9990867579908675,0.9798477384684281,1,0.0008525149190110827,44,0.03751065643648764,0.961335676625659,1094,0.9326513213981245
77b4da56077e43a7bf2a97d93a53d4b6,,LOCAL,/home/aura-alexis/github/ecg_qc_training/env/bin/airflow,aura-alexis,FINISHED,0.5,0.757,0.8,8,0.548206972064394,0.4486705252938581,0.8740156422887603,0.7047760486915828,262676,0.07773319128787878,1264023,0.3740598366477273,0.5904454343273059,1822313,0.5392734966856061,0.7818181818181819,0.57975,0.972,0.8709677419354839,7,0.021212121212121213,65,0.19696969696969696,0.788961038961039,243,0.7363636363636363,0.7984848484848485,0.6205551345738262,0.9669669669669669,0.8789808917197452,33,0.025,233,0.1765151515151515,0.8056713928273561,966,0.7318181818181818
f75d5b066a9748788dc888997c1c425f,,LOCAL,/home/aura-alexis/github/ecg_qc_training/env/bin/airflow,aura-alexis,FAILED,0.7,0.6435,0.5,6,,,,,,,,,,,,0.9421768707482994,0.9402116402116403,0.9470899470899471,0.9546666666666667,10,0.034013605442176874,7,0.023809523809523808,0.9623655913978495,179,0.608843537414966,0.9377664109121909,0.936171931937007,0.9417218543046357,0.9511705685618729,44,0.03751065643648764,29,0.0247229326513214,0.9608108108108108,711,0.6061381074168798
6cd3fc5df74c4807830f7a48479aa5f3,,LOCAL,/home/aura-alexis/github/ecg_qc_training/env/bin/airflow,aura-alexis,FINISHED,0.7,0.4532,0.3,6,0.3651873224431818,0.3595150750503043,0.3837540629710756,0.4272557974371263,1284866,0.38022786458333335,860293,0.25458481297348484,0.4818810466774591,800123,0.23677882339015152,0.7545454545454545,0.7579807752455223,0.7939698492462312,0.7452830188679246,41,0.09318181818181819,67,0.15227272727272728,0.7022222222222222,158,0.35909090909090907,0.8136363636363636,0.8151016835227362,0.8308270676691729,0.8016928657799274,135,0.07670454545454546,193,0.10965909090909091,0.7745327102803738,663,0.37670454545454546
b4cbc31a0ac7462db987d07565943aeb,,LOCAL,/home/aura-alexis/github/ecg_qc_training/env/bin/airflow,aura-alexis,FINISHED,0.5,0.6418,0.3,6,0.4369924834280303,0.38157732032301905,0.6183807204738251,0.5754403613894562,795672,0.23546164772727274,1106843,0.327545868844697,0.5380763388087607,1289317,0.3815450402462121,0.8681818181818182,0.83454529131879,0.9539007092198581,0.9026845637583892,13,0.029545454545454545,45,0.10227272727272728,0.856687898089172,269,0.6113636363636363,0.9079545454545455,0.8795055485320973,0.9796460176991151,0.9318181818181819,23,0.013068181818181817,139,0.07897727272727273,0.8884430176565008,1107,0.6289772727272728
1d951af070214739be035795e7cb7cce,,LOCAL,/home/aura-alexis/github/ecg_qc_training/env/bin/airflow,aura-alexis,FINISHED,0.7,0.2861,0.5,4,0.6424328243371212,0.7065756672083129,0.43247662217882205,0.5988022083142827,1183280,0.3501657196969697,25011,0.007401455965909091,0.973011265538674,901709,0.26684096827651516,0.8090909090909091,0.7506150372392411,0.6137566137566137,0.6480446927374302,73,0.11060606060606061,53,0.0803030303030303,0.6863905325443787,116,0.17575757575757575,0.8041666666666667,0.7564688109333004,0.6450331125827815,0.6532528504359489,268,0.10151515151515152,249,0.09431818181818181,0.6616847826086957,487,0.18446969696969698
d751f04c67f94c378a086650b1dc4fa6,,LOCAL,/home/aura-alexis/github/ecg_qc_training/env/bin/airflow,aura-alexis,FINISHED,0.5,0.4148,0.5,4,0.6985958214962121,0.735833823133899,0.5767061600804608,0.7024835563454236,882563,0.26117513020833333,135942,0.040229048295454546,0.8984270394988524,1202426,0.3558315577651515,0.8606060606060606,0.8532960175485041,0.8102189781021898,0.8283582089552239,52,0.07878787878787878,40,0.06060606060606061,0.8473282442748091,222,0.33636363636363636,0.896969696969697,0.8905616881677528,0.8529680365296803,0.8728971962616823,161,0.06098484848484848,111,0.042045454545454546,0.8937799043062201,934,0.35378787878787876
3176f0794d904c7e8b414a53e282c141,,LOCAL,/home/aura-alexis/github/ecg_qc_training/env/bin/airflow,aura-alexis,FINISHED,0.7,0.3021,0.3,4,0.6499624171401515,0.7120657770765783,0.44668197290249495,0.6116084020330318,1153662,0.3414009232954546,29185,0.00863665956439394,0.9696151635794243,931327,0.27560576467803033,0.8075757575757576,0.743734943698972,0.5829145728643216,0.6462395543175486,83,0.12575757575757576,44,0.06666666666666667,0.725,116,0.17575757575757575,0.8083333333333333,0.7692521205293363,0.6704260651629073,0.6789340101522843,263,0.09962121212121212,243,0.09204545454545454,0.6876606683804627,535,0.20265151515151514
3412583f24d54187bcb323f5216c56c2,,LOCAL,/home/aura-alexis/github/ecg_qc_training/env/bin/airflow,aura-alexis,FINISHED,0.7,0.1227,0.8,2,0.41075668797348486,0.5223948459110964,0.0453359705974468,0.08671139301933152,1990464,0.5890340909090909,707,0.00020922111742424242,0.9925760248655914,94525,0.02797259706439394,0.8787878787878788,0.5566110151602379,0.12962962962962962,0.20792079207920788,141,0.10681818181818181,19,0.014393939393939395,0.525,21,0.015909090909090907,0.8909090909090909,0.5801109831766137,0.16820987654320987,0.27455919395465994,539,0.10208333333333333,37,0.007007575757575758,0.7465753424657534,109,0.020643939393939395
fc0b778572ec4a1ea4844be68e1198c2,,LOCAL,/home/aura-alexis/github/ecg_qc_training/env/bin/airflow,aura-alexis,FINISHED,0.5,0.1892,0.8,2,0.5190071614583334,0.6079209943399617,0.2279690684219437,0.3690322620717338,1609676,0.4763482481060606,15695,0.00464459043560606,0.9680351440302398,475313,0.14065843986742424,0.878030303030303,0.7454392523364486,0.532,0.6229508196721311,117,0.08863636363636364,44,0.03333333333333333,0.751412429378531,133,0.10075757575757575,0.8854166666666666,0.7716360368778029,0.5885885885885885,0.6603032004491858,411,0.07784090909090909,194,0.03674242424242424,0.7519181585677749,588,0.11136363636363636
baa638f6228f4e168d7dfbdfa2260ce1,,LOCAL,/home/aura-alexis/github/ecg_qc_training/env/bin/airflow,aura-alexis,FINISHED,0.7,0.143,0.5,2,0.4555880089962121,0.558532730990752,0.1186231677960891,0.21190464256813404,1837661,0.543815400094697,2016,0.0005965909090909091,0.9919147843942505,247328,0.07319128787878788,0.8742424242424243,0.6181353767560664,0.25925925925925924,0.37121212121212116,140,0.10606060606060606,26,0.019696969696969695,0.6533333333333333,49,0.037121212121212124,0.8892045454545454,0.6793450660422231,0.38543046357615895,0.49871465295629824,464,0.08787878787878788,121,0.022916666666666665,0.7063106796116505,291,0.055113636363636365
